engine,case_id,transcript,first_result_ms,final_result_ms,event_code,player_match,related_player_match,error
"legacySpeech","zh-Hans-two-made","江山两分命中","394","453","","false","true",""
"legacySpeech","zh-Hans-two-missed","你是两份每种","83","129","","false","true",""
"legacySpeech","zh-Hans-three-made","光武三分命中","72","166","stat.threeMade","true","true",""
"legacySpeech","zh-Hans-three-missed","效率三分没中","65","112","","false","true",""
"legacySpeech","zh-Hans-bonus-made","刘芳家法命中","69","183","stat.bonusMade","true","true",""
"legacySpeech","zh-Hans-bonus-missed","陈杰家伐莫中","52","279","stat.bonusMissed","true","true",""
"legacySpeech","zh-Hans-free-throw-made","罚球命中","67","92","","false","true",""
"legacySpeech","zh-Hans-free-throw-missed","Michael罚球每种","92","143","stat.freeThrowMissed","true","true",""
"legacySpeech","zh-Hans-layup-made","上篮命中","154","312","","false","true",""
"legacySpeech","zh-Hans-layup-missed","向上蓝每种","96","332","","false","true",""
"legacySpeech","zh-Hans-mid-range-made","王钟头命中","143","178","stat.midRangeMade","false","true",""
"legacySpeech","zh-Hans-mid-range-missed","钟头每种","84","216","","false","true",""
"legacySpeech","zh-Hans-paint-made","江山南下命中","80","146","stat.layupMade","false","true",""
"legacySpeech","zh-Hans-paint-missed","你是南下美种","60","171","stat.paintMissed","true","true",""
"legacySpeech","zh-Hans-putback-made","王武补然命中","58","557","stat.putbackMade","true","true",""
"legacySpeech","zh-Hans-putback-missed","赵力补蓝眉肿","48","510","stat.putbackMissed","true","true",""
"legacySpeech","zh-Hans-dunk-made","刘方口蓝命中","45","274","stat.dunkMade","true","true",""
"legacySpeech","zh-Hans-dunk-missed","全结扣蓝莓中","50","350","stat.dunkMissed","true","true",""
"legacySpeech","zh-Hans-foul","犯规","48","58","","false","true",""
"legacySpeech","zh-Hans-rebound","Michael篮板","88","101","stat.rebound","true","true",""
"legacySpeech","zh-Hans-offensive-rebound","前场篮板","96","143","","false","true",""
"legacySpeech","zh-Hans-defensive-rebound","向后场篮板","95","133","","false","true",""
"legacySpeech","zh-Hans-assist","助攻","183","186","","false","true",""
"legacySpeech","zh-Hans-block","盖帽","122","129","","false","true",""
"legacySpeech","zh-Hans-steal","张三抢断","119","161","stat.steal","true","true",""
"legacySpeech","zh-Hans-turnover","你45","51","92","","false","true",""
"legacySpeech","zh-Hans-assist-two","光武住公效力2分","79","328","","false","false",""
"legacySpeech","zh-Hans-assist-three","刘芳助工程结三分","77","329","stat.threeMade","true","false",""
"legacySpeech","zh-Hans-steal-turnover","段Mac","140","194","","false","false",""
"legacySpeech","zh-Hans-start","开始","67","85","event.period","true","true",""
"legacySpeech","zh-Hans-pause","暂停","47","82","event.pause","true","true",""
"legacySpeech","zh-Hans-game-end","结束","81","96","event.game_end","true","true",""
"legacySpeech","zh-Hans-undo","撤销","43","73","event.undo","true","true",""
"legacySpeech","zh-Hans-redo","重做","51","68","event.redo","true","true",""
"legacySpeech","zh-Hans-substitution","江山换人李四","42","288","","false","false",""
"legacySpeech","zh-Hant-TW-two-made","上分","1387","1387","","false","true",""
"legacySpeech","zh-Hant-TW-two-missed","你是2分沒中","115","541","stat.twoMissed","true","true",""
"legacySpeech","zh-Hant-TW-three-made","","","","","false","false","No speech detected"
"legacySpeech","zh-Hant-TW-three-missed","趙立3分","75","278","stat.threeMade","true","true",""
"legacySpeech","zh-Hant-TW-bonus-made","劉芳眾","93","376","","false","true",""
"legacySpeech","zh-Hant-TW-bonus-missed","陳","133","133","","false","true",""
"legacySpeech","zh-Hant-TW-free-throw-made","罰球","79","135","","false","true",""
"legacySpeech","zh-Hant-TW-free-throw-missed","Michael罰球沒中","102","293","stat.freeThrowMissed","true","true",""
"legacySpeech","zh-Hant-TW-layup-made","藍命中","159","196","","false","true",""
"legacySpeech","zh-Hant-TW-layup-missed","","","","","false","false","No speech detected"
"legacySpeech","zh-Hant-TW-mid-range-made","王","128","128","","false","true",""
"legacySpeech","zh-Hant-TW-mid-range-missed","鐘頭","163","163","","false","true",""
"legacySpeech","zh-Hant-TW-paint-made","命","106","106","","false","true",""
"legacySpeech","zh-Hant-TW-paint-missed","你是南下美中","73","242","stat.paintMissed","true","true",""
"legacySpeech","zh-Hant-TW-putback-made","王虎不來命中","354","751","stat.putbackMade","true","true",""
"legacySpeech","zh-Hant-TW-putback-missed","趙立補來沒中","46","348","stat.putbackMissed","true","true",""
"legacySpeech","zh-Hant-TW-dunk-made","劉芳蔻來命中","53","155","","false","true",""
"legacySpeech","zh-Hant-TW-dunk-missed","陳傑後來","128","212","","false","true",""
"legacySpeech","zh-Hant-TW-foul","犯規","74","81","","false","true",""
"legacySpeech","zh-Hant-TW-rebound","Michael","54","84","","false","true",""
"legacySpeech","zh-Hant-TW-offensive-rebound","","","","","false","false","No speech detected"
"legacySpeech","zh-Hant-TW-defensive-rebound","","","","","false","false","No speech detected"
"legacySpeech","zh-Hant-TW-assist","王","85","85","","false","true",""
"legacySpeech","zh-Hant-TW-block","","","","","false","false","No speech detected"
"legacySpeech","zh-Hant-TW-steal","上","104","104","","false","true",""
"legacySpeech","zh-Hant-TW-turnover","第45","92","128","","false","true",""
"legacySpeech","zh-Hant-TW-assist-two","助攻","116","116","","false","false",""
"legacySpeech","zh-Hant-TW-assist-three","劉芳助工程","72","185","stat.assist","true","false",""
"legacySpeech","zh-Hant-TW-steal-turnover","Micha","87","91","","false","false",""
"legacySpeech","zh-Hant-TW-start","開始","86","86","event.period","true","true",""
"legacySpeech","zh-Hant-TW-pause","暫停","49","56","event.pause","true","true",""
"legacySpeech","zh-Hant-TW-game-end","結束","55","61","event.game_end","true","true",""
"legacySpeech","zh-Hant-TW-undo","撤銷","49","56","event.undo","true","true",""
"legacySpeech","zh-Hant-TW-redo","重做","60","69","event.redo","true","true",""
"legacySpeech","zh-Hant-TW-substitution","上山人","194","194","","false","false",""
"legacySpeech","en-two-made","James Carter got to","260","345","stat.twoMade","true","true",""
"legacySpeech","en-two-missed","Emily Stone missed too","85","256","stat.twoMissed","true","true",""
"legacySpeech","en-three-made","Michael Brown got three","48","82","stat.threeMade","true","true",""
"legacySpeech","en-three-missed","Olivia Davis 63","46","108","stat.threeMade","false","true",""
"legacySpeech","en-bonus-made","Liam Wilson got one","46","169","","false","true",""
"legacySpeech","en-bonus-missed","So Taylor missed one","77","151","","false","true",""
"legacySpeech","en-free-throw-made","No Anderson got free throw","82","410","","false","true",""
"legacySpeech","en-free-throw-missed","Martin missed free throw","159","373","stat.freeThrowMissed","true","true",""
"legacySpeech","en-layup-made","Lana got layup","75","455","stat.layupMade","false","true",""
"legacySpeech","en-layup-missed","Miss layup","56","101","stat.layupMissed","false","true",""
"legacySpeech","en-mid-range-made","Never got mid range","90","342","","false","true",""
"legacySpeech","en-mid-range-missed","Juan Garcia missed his rage","84","335","","false","true",""
"legacySpeech","en-paint-made","James Carter got paid","54","98","","false","true",""
"legacySpeech","en-paint-missed","Emily Stone miss pain","62","238","","false","true",""
"legacySpeech","en-putback-made","Michael Brown got mad","70","383","","false","true",""
"legacySpeech","en-putback-missed","Olivia Davis quarterback","75","259","","false","true",""
"legacySpeech","en-dunk-made","Liam Wilson got done","60","114","","false","true",""
"legacySpeech","en-dunk-missed","So Taylor Miss Doug","71","142","","false","true",""
"legacySpeech","en-foul","No Anderson foul","66","196","stat.foul","true","true",""
"legacySpeech","en-rebound","Martin rebound","133","187","stat.rebound","true","true",""
"legacySpeech","en-offensive-rebound","Land and offensive rebound","68","318","","false","true",""
"legacySpeech","en-defensive-rebound","The weatherman","68","241","","false","true",""
"legacySpeech","en-assist","Emma assist","100","122","stat.assist","true","true",""
"legacySpeech","en-block","Juan Garcia block","76","108","stat.block","true","true",""
"legacySpeech","en-steal","James Carter steel","52","81","stat.steal","true","true",""
"legacySpeech","en-turnover","Emily Stone turnover","61","111","stat.turnover","true","true",""
"legacySpeech","en-assist-two","Michael Brown assist Olivia Davis too","48","124","stat.assistTwoMade","true","true",""
"legacySpeech","en-assist-three","Liam Wilson assist Sophia Taylor three","47","123","stat.assistThreeMade","true","true",""
"legacySpeech","en-steal-turnover","No Anderson steel lava Martin","61","283","stat.stealTurnover","true","true",""
"legacySpeech","en-start","Start","44","55","event.period","true","true",""
"legacySpeech","en-pause","Timeout","49","59","event.pause","true","true",""
"legacySpeech","en-game-end","Game over","41","61","event.game_end","true","true",""
"legacySpeech","en-undo","Undo","66","102","event.undo","true","true",""
"legacySpeech","en-redo","Resume","69","75","event.pause","true","true",""
"legacySpeech","en-substitution","James Carter substitution Emily Stone","45","141","event.substitution","true","true",""
"legacySpeech","ja-two-made","山田太郎通聖子","264","696","","false","true",""
"legacySpeech","ja-two-missed","佐藤健通した","59","258","","false","true",""
"legacySpeech","ja-three-made","鈴木精工","68","654","","false","true",""
"legacySpeech","ja-three-missed","田中咲ました","60","246","","false","true",""
"legacySpeech","ja-bonus-made","高橋相棒那須成功","67","432","","false","true",""
"legacySpeech","ja-bonus-missed","人はボーナス外した","58","349","stat.bonusMissed","false","true",""
"legacySpeech","ja-free-throw-made","DMMフリースロー成功","48","462","stat.freeThrowMade","true","true",""
"legacySpeech","ja-free-throw-missed","江村CLフリースロー外した","47","647","","false","true",""
"legacySpeech","ja-layup-made","来週レイアップレコ","92","416","","false","true",""
"legacySpeech","ja-layup-missed","JO ACLレイアップ明日","52","305","","false","true",""
"legacySpeech","ja-mid-range-made","山DMMメダル成功","70","273","","false","true",""
"legacySpeech","ja-mid-range-missed","レミのメドルズした","105","738","","false","true",""
"legacySpeech","ja-paint-made","山田太郎ペイント聖子","57","222","stat.paintMade","true","true",""
"legacySpeech","ja-paint-missed","佐藤健ペイの明日","48","344","","false","true",""
"legacySpeech","ja-putback-made","鈴木家パッドバック成功","68","598","","false","true",""
"legacySpeech","ja-putback-missed","田中美咲パットバック外した","51","479","stat.putbackMissed","true","true",""
"legacySpeech","ja-dunk-made","高橋愛子","46","361","","false","true",""
"legacySpeech","ja-dunk-missed","人はランクした","77","295","","false","true",""
"legacySpeech","ja-foul","DMM","53","157","","false","true",""
"legacySpeech","ja-rebound","江村美恵リマインド","49","272","","false","true",""
"legacySpeech","ja-offensive-rebound","来年釣りバウンド","102","709","","false","true",""
"legacySpeech","ja-defensive-rebound","JOCN2面スリマウンド","64","504","stat.twoMissed","true","true",""
"legacySpeech","ja-assist","山田DMMレアシスト","46","178","stat.assist","true","true",""
"legacySpeech","ja-block","レンドブロック","52","503","","false","true",""
"legacySpeech","ja-steal","山田太郎スティール","68","161","stat.steal","true","true",""
"legacySpeech","ja-turnover","佐藤健太ロバ","59","196","","false","true",""
"legacySpeech","ja-assist-two","鈴木かけアシスト田中美沙","133","475","","false","false",""
"legacySpeech","ja-assist-three","明子リストと水","98","712","","false","false",""
"legacySpeech","ja-steal-turnover","DMMでテラCAAL","53","623","","false","false",""
"legacySpeech","ja-start","開始","68","79","event.period","true","true",""
"legacySpeech","ja-pause","タイムラウド","45","102","","true","true",""
"legacySpeech","ja-game-end","試合終了","61","83","event.game_end","true","true",""
"legacySpeech","ja-undo","元に戻す","68","93","event.undo","true","true",""
"legacySpeech","ja-redo","リアり直す","53","95","","true","true",""
"legacySpeech","ja-substitution","山田太郎交代社長件","52","332","","false","false",""
"legacySpeech","ko-two-made","김민수 삼촌","308","605","","false","true",""
"legacySpeech","ko-two-missed","이준호 두시에","85","636","stat.twoMissed","true","true",""
"legacySpeech","ko-three-made","박기 수리 성공","62","753","","false","true",""
"legacySpeech","ko-three-missed","최소 연수 배","68","735","","false","true",""
"legacySpeech","ko-bonus-made","이만 일본어 삼 공","95","737","","false","true",""
"legacySpeech","ko-bonus-missed","정수빈 번호 주실 회","87","677","","false","true",""
"legacySpeech","ko-free-throw-made","맞아요 성공","84","264","","false","true",""
"legacySpeech","ko-free-throw-missed","M I C G A L 십 회","153","696","","false","true",""
"legacySpeech","ko-layup-made","왜 이제 회의 없어","90","437","","false","true",""
"legacySpeech","ko-layup-missed","J O A G N A 없이","77","774","","false","true",""
"legacySpeech","ko-mid-range-made","이 마마 이 두","93","722","","false","true",""
"legacySpeech","ko-mid-range-missed","이에 VI의 실패","163","562","","false","true",""
"legacySpeech","ko-paint-made","김민수의 선물","76","882","","false","true",""
"legacySpeech","ko-paint-missed","이준 옆에 인주실에","76","984","","false","true",""
"legacySpeech","ko-putback-made","박지훈 선물","76","702","","false","true",""
"legacySpeech","ko-putback-missed","최 서연 110 회","73","468","","false","true",""
"legacySpeech","ko-dunk-made","음악을","120","573","","false","true",""
"legacySpeech","ko-dunk-missed","선수 민턴 90 회","88","720","","false","true",""
"legacySpeech","ko-foul","엄마 아빠 울","74","124","stat.foul","true","true",""
"legacySpeech","ko-rebound","M I C G A L 리바운드","95","432","","false","true",""
"legacySpeech","ko-offensive-rebound","왜 이제 거기 리바운드","68","595","","false","true",""
"legacySpeech","ko-defensive-rebound","J O A G N 수빈 Bound","74","735","","false","true",""
"legacySpeech","ko-assist","이 마마 우시 스트","89","742","","false","true",""
"legacySpeech","ko-block","이 V I 블록","136","348","","false","true",""
"legacySpeech","ko-steal","김민수 일","83","268","","false","true",""
"legacySpeech","ko-turnover","이준 오천 녹음","70","731","","false","true",""
"legacySpeech","ko-assist-two","박지훈 어시스트 에서 연수","74","663","stat.assist","true","false",""
"legacySpeech","ko-assist-three","이만 어시스트 점수 민 쓰리","79","802","","false","false",""
"legacySpeech","ko-steal-turnover","엄마 쓰지 마 이 C A C A L","84","775","","false","false",""
"legacySpeech","ko-start","시작","65","86","event.period","true","true",""
"legacySpeech","ko-pause","타이머","44","79","","true","true",""
"legacySpeech","ko-game-end","열기 종료","63","218","event.game_end","true","true",""
"legacySpeech","ko-undo","실행 취소","46","67","event.undo","true","true",""
"legacySpeech","ko-redo","대신에","73","140","","true","true",""
"legacySpeech","ko-substitution","김민수 제주도","82","274","","false","false",""
"legacySpeech","de-two-made","Du kannst als zweite kommen","1476","2645","","false","true",""
"legacySpeech","de-two-missed","Serie zwei gespielt","1617","1841","","false","true",""
"legacySpeech","de-three-made","Michael Müller drei getroffen","70","130","stat.threeMade","true","true",""
"legacySpeech","de-three-missed","Sophie Schmitz Bild","56","219","","false","true",""
"legacySpeech","de-bonus-made","Thomas Wagner Bonus getroffen","74","192","stat.bonusMade","true","true",""
"legacySpeech","de-bonus-missed","Karammomo fehlt","283","568","","false","true",""
"legacySpeech","de-free-throw-made","David Freiburg gekommen","113","169","","false","true",""
"legacySpeech","de-free-throw-missed","Alice Firework","67","202","","false","true",""
"legacySpeech","de-layup-made","Ja with getroffen","68","124","","false","true",""
"legacySpeech","de-layup-missed","Olivia Profilbild","121","369","","false","true",""
"legacySpeech","de-mid-range-made","Sage mir getroffen","74","255","","false","true",""
"legacySpeech","de-mid-range-missed","Mit Bild","81","306","","false","true",""
"legacySpeech","de-paint-made","Call getroffen","223","471","","false","true",""
"legacySpeech","de-paint-missed","Anastasia Call wer spielt","73","435","","false","true",""
"legacySpeech","de-putback-made","Michael Müller gut getroffen","70","248","","false","true",""
"legacySpeech","de-putback-missed","Sophie Schmidt Bild","76","268","","false","true",""
"legacySpeech","de-dunk-made","Thomas Wagner getroffen","65","118","","false","true",""
"legacySpeech","de-dunk-missed","Maker dumm verfehlt","510","577","","false","true",""
"legacySpeech","de-foul","David cool","55","110","","false","true",""
"legacySpeech","de-rebound","Ali Hund","214","234","","false","true",""
"legacySpeech","de-offensive-rebound","Ja auch wenn sie reden","96","421","","false","true",""
"legacySpeech","de-defensive-rebound","Olivia","87","228","","false","true",""
"legacySpeech","de-assist","Sanis","91","177","","false","true",""
"legacySpeech","de-block","Block","91","112","","false","true",""
"legacySpeech","de-steal","Steal","263","263","","false","true",""
"legacySpeech","de-turnover","Als Nova","398","551","","false","true",""
"legacySpeech","de-assist-two","Michael Müller ist Sophie Schnee zwei","74","316","stat.twoMade","true","false",""
"legacySpeech","de-assist-three","Thomas Wagner als Kellerei","45","329","","false","false",""
"legacySpeech","de-steal-turnover","David Real Alice","60","133","","false","false",""
"legacySpeech","de-start","Start","54","64","event.period","true","true",""
"legacySpeech","de-pause","Auszeit","69","76","event.pause","true","true",""
"legacySpeech","de-game-end","Spielen","74","74","","true","true",""
"legacySpeech","de-undo","Rückgängig","101","109","event.undo","true","true",""
"legacySpeech","de-redo","Wiederholen","56","68","event.redo","true","true",""
"legacySpeech","de-substitution","Du kannst beim Wechsel einer Fischer","74","697","","false","false",""
"legacySpeech","es-two-made","Carlos García dos","245","457","stat.twoMade","true","true",""
"legacySpeech","es-two-missed","María López dos fallado","45","148","stat.twoMissed","true","true",""
"legacySpeech","es-three-made","Juan Pérez tres le gustó","52","196","stat.threeMade","true","true",""
"legacySpeech","es-three-missed","Ana Torres fallado","48","218","stat.twoMade","true","true",""
"legacySpeech","es-bonus-made","Ya volviste un bato","79","480","","false","true",""
"legacySpeech","es-bonus-missed","Laura Martínez balado","66","200","stat.twoMade","true","true",""
"legacySpeech","es-free-throw-made","El libro libro agosto","112","267","","false","true",""
"legacySpeech","es-free-throw-missed","Michael rayado","79","377","stat.twoMade","true","true",""
"legacySpeech","es-layup-made","Saliste maneja","46","123","","false","true",""
"legacySpeech","es-layup-missed","Con manera le llevo","89","416","","false","true",""
"legacySpeech","es-mid-range-made","García de Marbella agosto","72","357","","false","true",""
"legacySpeech","es-mid-range-missed","David vela playa","85","356","","false","true",""
"legacySpeech","es-paint-made","Carlos García ventura agosto","69","179","","false","true",""
"legacySpeech","es-paint-missed","María López Ventura fallado","49","216","stat.twoMade","true","true",""
"legacySpeech","es-putback-made","Juan Pérez vaca dos","55","313","stat.twoMade","true","true",""
"legacySpeech","es-putback-missed","Ana Torres fallado","58","302","stat.twoMade","true","true",""
"legacySpeech","es-dunk-made","Ya vaya acostó","74","554","","false","true",""
"legacySpeech","es-dunk-missed","Laura Martín Valle vallado","57","279","stat.twoMade","true","true",""
"legacySpeech","es-foul","Eva Balda","64","155","","false","true",""
"legacySpeech","es-rebound","Michael Revolt","74","116","","false","true",""
"legacySpeech","es-offensive-rebound","Saliste de rebote o ofensivo","45","195","","false","true",""
"legacySpeech","es-defensive-rebound","Pon rebote defensivo","56","143","stat.defensiveRebound","true","true",""
"legacySpeech","es-assist","García de la asistencia","55","136","stat.assist","true","true",""
"legacySpeech","es-block","David bloqueo","56","76","stat.block","true","true",""
"legacySpeech","es-steal","Carlos García Romo","51","143","","false","true",""
"legacySpeech","es-turnover","María López perdida","81","122","stat.turnover","true","true",""
"legacySpeech","es-assist-two","Juan Pérez asistencia Ana Torres dos","45","213","stat.assistTwoMade","true","true",""
"legacySpeech","es-assist-three","Diego Ruiz asistencia Laura Martínez","80","283","stat.assist","true","false",""
"legacySpeech","es-steal-turnover","Me roba Michael","89","265","","false","false",""
"legacySpeech","es-start","Inicio","57","70","event.period","true","true",""
"legacySpeech","es-pause","Llevo muerto","102","126","","true","true",""
"legacySpeech","es-game-end","Fin del partido","74","133","event.game_end","true","true",""
"legacySpeech","es-undo","Deshacer","81","91","event.undo","true","true",""
"legacySpeech","es-redo","Reuther","144","177","","true","true",""
"legacySpeech","es-substitution","Carlos García cambio María López","68","186","event.substitution","true","true",""
"legacySpeech","fr-two-made","Jean Martin doit réussir","857","1041","","false","true",""
"legacySpeech","fr-two-missed","Claire du bois de rater","246","758","stat.twoMissed","true","true",""
"legacySpeech","fr-three-made","Rue Bernard trois réussi","53","188","","false","true",""
"legacySpeech","fr-three-missed","Sauf karaté","110","577","","false","true",""
"legacySpeech","fr-bonus-made","Dans ma boîte réussi","58","123","","false","true",""
"legacySpeech","fr-bonus-missed","Mets la","203","314","","false","true",""
"legacySpeech","fr-free-throw-made","Mal réussi","149","387","","false","true",""
"legacySpeech","fr-free-throw-missed","Michael Lanco raté","90","407","","false","true",""
"legacySpeech","fr-layup-made","Alice est ici","67","188","","false","true",""
"legacySpeech","fr-layup-missed","John Lara","60","118","","false","true",""
"legacySpeech","fr-mid-range-made","Voir ici","344","344","","false","true",""
"legacySpeech","fr-mid-range-missed","David sans toi","75","381","","false","true",""
"legacySpeech","fr-paint-made","Jean Martin a réussi","55","183","","false","true",""
"legacySpeech","fr-paint-missed","Clair Dubois intérieur","70","463","stat.paintMade","true","true",""
"legacySpeech","fr-putback-made","Bernard m'a réussi","90","174","","false","true",""
"legacySpeech","fr-putback-missed","Sophie Laurent Backwater","74","590","","false","true",""
"legacySpeech","fr-dunk-made","Mara unis","84","466","","false","true",""
"legacySpeech","fr-dunk-missed","Dans les","183","314","","false","true",""
"legacySpeech","fr-foul","Et ma faute","87","276","stat.foul","true","true",""
"legacySpeech","fr-rebound","Michael Raymond","84","408","","false","true",""
"legacySpeech","fr-offensive-rebound","Oui bon offensive","137","471","","false","true",""
"legacySpeech","fr-defensive-rebound","J'en défensive","58","198","stat.twoMade","true","true",""
"legacySpeech","fr-assist","Martin passe","66","235","stat.assist","false","true",""
"legacySpeech","fr-block","David ton","45","299","","false","true",""
"legacySpeech","fr-steal","Jean Martin interception","73","139","stat.steal","true","true",""
"legacySpeech","fr-turnover","Claire du doigt de balle","49","393","stat.twoMade","true","true",""
"legacySpeech","fr-assist-two","Bernard va sur loin","81","302","","false","false",""
"legacySpeech","fr-assist-three","Normalement tu passes les trois","83","518","","false","false",""
"legacySpeech","fr-steal-turnover","Réception Michael","128","170","","false","false",""
"legacySpeech","fr-start","Début","87","96","event.period","true","true",""
"legacySpeech","fr-pause","Ça va","147","173","","true","true",""
"legacySpeech","fr-game-end","Fin du match","89","125","event.game_end","true","true",""
"legacySpeech","fr-undo","Annuler","78","88","event.undo","true","true",""
"legacySpeech","fr-redo","Refaire","95","95","event.redo","true","true",""
"legacySpeech","fr-substitution","Jean Martin malaire du bois","55","977","","false","false",""
"legacySpeech","it-two-made","Marco Rossi 26 alto","1110","1387","stat.twoMade","true","true",""
"legacySpeech","it-two-missed","Giulia anche due è sbagliato","52","343","stat.twoMissed","true","true",""
"legacySpeech","it-three-made","Luca Romano ti ha segnato","47","288","","false","true",""
"legacySpeech","it-three-missed","Sofia cosa si è sbagliato","75","561","","false","true",""
"legacySpeech","it-bonus-made","Matteo Gallo Borto","92","491","","false","true",""
"legacySpeech","it-bonus-missed","Chiara Esposito bonus sbagliato","59","108","stat.bonusMissed","true","true",""
"legacySpeech","it-free-throw-made","Emma io libero segnato","86","470","stat.freeThrowMade","true","true",""
"legacySpeech","it-free-throw-missed","Michail era libero sbagliato","112","323","stat.freeThrowMissed","true","true",""
"legacySpeech","it-layup-made","Alice la ha segnato","53","144","","false","true",""
"legacySpeech","it-layup-missed","John la Juve è sbagliato","75","217","","false","true",""
"legacySpeech","it-mid-range-made","Rossi vedi segnato","88","267","","false","true",""
"legacySpeech","it-mid-range-missed","David vedi sbagliato","96","290","","false","true",""
"legacySpeech","it-paint-made","Marco Rossi ha segnato","79","230","","false","true",""
"legacySpeech","it-paint-missed","Giulia ha detto sbagliato","74","269","","false","true",""
"legacySpeech","it-putback-made","Luca Romano ha segnato","79","184","","false","true",""
"legacySpeech","it-putback-missed","Sofia cosa sbagliato","47","242","","false","true",""
"legacySpeech","it-dunk-made","Matteo Gallo schiacciata segnata","72","207","stat.dunkMade","true","true",""
"legacySpeech","it-dunk-missed","Chiara Esposito schiacciata sbagliata","54","157","stat.dunkMissed","true","true",""
"legacySpeech","it-foul","Emma fallo","60","82","stat.foul","true","true",""
"legacySpeech","it-rebound","Mello invaso","109","267","","false","true",""
"legacySpeech","it-offensive-rebound","Alice rivalso offensivo","74","248","stat.offensiveRebound","true","true",""
"legacySpeech","it-defensive-rebound","John rimbalzo difensivo","186","427","stat.defensiveRebound","true","true",""
"legacySpeech","it-assist","Rossi alti","64","138","","false","true",""
"legacySpeech","it-block","David stoppata","81","207","stat.block","true","true",""
"legacySpeech","it-steal","Marco Rossi palla rubata","55","140","stat.steal","true","true",""
"legacySpeech","it-turnover","Giulia Bianchi perse","53","181","stat.turnover","true","true",""
"legacySpeech","it-assist-two","Luca Romano Sofia con i due","59","227","stat.twoMade","true","false",""
"legacySpeech","it-assist-three","Matteo Gallo Chiara Esposito tre","63","283","stat.threeMade","false","false",""
"legacySpeech","it-steal-turnover","Emma palla rubata a Michael","59","322","stat.stealTurnover","true","true",""
"legacySpeech","it-start","Inizio","57","65","event.period","true","true",""
"legacySpeech","it-pause","E","108","108","","true","true",""
"legacySpeech","it-game-end","Fine partita","65","84","event.game_end","true","true",""
"legacySpeech","it-undo","Annulla","52","62","event.undo","true","true",""
"legacySpeech","it-redo","Ripeti","60","69","event.redo","true","true",""
"legacySpeech","it-substitution","Marco Rossi cabrio Giulia Biaggi","50","183","","false","false",""
"legacySpeech","ru-two-made","Иванов два попал","378","469","stat.twoMade","false","true",""
"legacySpeech","ru-two-missed","Петров два промах","61","177","stat.twoMissed","false","true",""
"legacySpeech","ru-three-made","Алексей Смирнов три попал","50","110","stat.threeMade","true","true",""
"legacySpeech","ru-three-missed","Мария Иванова три промах","55","123","stat.threeMissed","true","true",""
"legacySpeech","ru-bonus-made","Анна Петрова бонус попал","53","103","stat.bonusMade","true","true",""
"legacySpeech","ru-bonus-missed","Сергей Кузнецов бонус промах","53","141","stat.bonusMissed","true","true",""
"legacySpeech","ru-free-throw-made","Мы штрафной попал","94","144","stat.freeThrowMade","true","true",""
"legacySpeech","ru-free-throw-missed","Мои штрафной промах","54","123","stat.freeThrowMissed","false","true",""
"legacySpeech","ru-layup-made","Я Лия попал","81","401","","false","true",""
"legacySpeech","ru-layup-missed","Джон Лия промах","62","128","","false","true",""
"legacySpeech","ru-mid-range-made","Ай yourname средний попал","63","189","","false","true",""
"legacySpeech","ru-mid-range-missed","Дэвид средний промах","60","112","stat.midRangeMissed","true","true",""
"legacySpeech","ru-paint-made","Иванов краской попал","54","97","","false","true",""
"legacySpeech","ru-paint-missed","Петров краска промах","61","101","stat.paintMissed","false","true",""
"legacySpeech","ru-putback-made","Алексей Смирнов Пабы попал","49","172","","false","true",""
"legacySpeech","ru-putback-missed","Мария Иванова под промах","70","155","","false","true",""
"legacySpeech","ru-dunk-made","Анна Петрова Данк попал","55","164","stat.dunkMade","true","true",""
"legacySpeech","ru-dunk-missed","Сергей Кузнецов Dunk про","53","142","","false","true",""
"legacySpeech","ru-foul","Демо фол","247","247","stat.foul","true","true",""
"legacySpeech","ru-rebound","Мои подбор","60","96","stat.rebound","false","true",""
"legacySpeech","ru-offensive-rebound","Alice подбора нападения","64","197","stat.defensiveRebound","true","true",""
"legacySpeech","ru-defensive-rebound","Джон подбор в защите","49","124","stat.defensiveRebound","true","true",""
"legacySpeech","ru-assist","Ай you name передача","56","158","","false","true",""
"legacySpeech","ru-block","David Blob","50","97","","false","true",""
"legacySpeech","ru-steal","Иванов перехват","54","84","stat.steal","false","true",""
"legacySpeech","ru-turnover","Петров потеря","44","80","stat.turnover","false","true",""
"legacySpeech","ru-assist-two","Алексей Смирнов передача Мария Иванова два","50","153","stat.assistTwoMade","true","true",""
"legacySpeech","ru-assist-three","Анна Петрова передача Сергей Кузнецов три","62","142","stat.assistThreeMade","true","true",""
"legacySpeech","ru-steal-turnover","Мы перехват Майкл","81","187","stat.steal","true","false",""
"legacySpeech","ru-start","Начало","58","69","event.period","true","true",""
"legacySpeech","ru-pause","Тайм-аут","58","75","event.pause","true","true",""
"legacySpeech","ru-game-end","Конец игры","49","70","event.game_end","true","true",""
"legacySpeech","ru-undo","Отменить","50","63","event.undo","true","true",""
"legacySpeech","ru-redo","Повторить","61","74","event.redo","true","true",""
"legacySpeech","ru-substitution","Иванов замена Петров","52","96","event.substitution","true","false",""
"speechTranscriber","zh-Hans-two-made","张三两分命中","235","349","stat.twoMade","true","true",""
"speechTranscriber","zh-Hans-two-missed","你是两分没中","53","92","stat.twoMissed","true","true",""
"speechTranscriber","zh-Hans-three-made","王五三分命中","74","181","stat.threeMade","true","true",""
"speechTranscriber","zh-Hans-three-missed","效力三分没种","50","90","stat.threeMissed","true","true",""
"speechTranscriber","zh-Hans-bonus-made","刘芳家罚命中","54","95","stat.bonusMade","true","true",""
"speechTranscriber","zh-Hans-bonus-missed","陈杰加伐默中","82","129","","false","true",""
"speechTranscriber","zh-Hans-free-throw-made","有没有罚球命中","55","104","","false","true",""
"speechTranscriber","zh-Hans-free-throw-missed","Michael罚球每种","56","107","stat.freeThrowMissed","true","true",""
"speechTranscriber","zh-Hans-layup-made","Elis上篮命中。","55","102","stat.layupMade","true","true",""
"speechTranscriber","zh-Hans-layup-missed","John上篮没中","60","108","stat.layupMissed","true","true",""
"speechTranscriber","zh-Hans-mid-range-made","Ama中投命中","68","115","stat.midRangeMade","false","true",""
"speechTranscriber","zh-Hans-mid-range-missed","Navid中投没中。","59","111","stat.midRangeMissed","true","true",""
"speechTranscriber","zh-Hans-paint-made","张三兰下命中","49","91","stat.paintMade","true","true",""
"speechTranscriber","zh-Hans-paint-missed","李四兰下没种","66","105","stat.paintMissed","true","true",""
"speechTranscriber","zh-Hans-putback-made","王武补蓝命中","51","92","stat.putbackMade","true","true",""
"speechTranscriber","zh-Hans-putback-missed","赵丽补蓝莓种","53","93","stat.putbackMissed","true","true",""
"speechTranscriber","zh-Hans-dunk-made","流芳口难命中","51","96","stat.dunkMade","true","true",""
"speechTranscriber","zh-Hans-dunk-missed","陈杰扣篮没中","53","96","stat.dunkMissed","true","true",""
"speechTranscriber","zh-Hans-foul","犯规。","56","87","","false","true",""
"speechTranscriber","zh-Hans-rebound","Michael篮板","57","98","stat.rebound","true","true",""
"speechTranscriber","zh-Hans-offensive-rebound","Ellis前场篮板","51","100","","false","true",""
"speechTranscriber","zh-Hans-defensive-rebound","John后场篮板","66","110","stat.defensiveRebound","true","true",""
"speechTranscriber","zh-Hans-assist","Ama助攻","57","108","stat.assist","false","true",""
"speechTranscriber","zh-Hans-block","Navid盖帽","53","88","stat.block","true","true",""
"speechTranscriber","zh-Hans-steal","张三抢断","53","84","stat.steal","true","true",""
"speechTranscriber","zh-Hans-turnover","李四十五。","50","78","stat.turnover","true","true",""
"speechTranscriber","zh-Hans-assist-two","王武助公赵立两分。","54","106","stat.assistTwoMade","true","true",""
"speechTranscriber","zh-Hans-assist-three","刘芳助攻陈结三分。","51","105","stat.assistThreeMade","true","true",""
"speechTranscriber","zh-Hans-steal-turnover","有没有枪段 Michael。","66","115","","false","false",""
"speechTranscriber","zh-Hans-start","开始","62","83","event.period","true","true",""
"speechTranscriber","zh-Hans-pause","暂停","46","70","event.pause","true","true",""
"speechTranscriber","zh-Hans-game-end","结束","47","67","event.game_end","true","true",""
"speechTranscriber","zh-Hans-undo","撤销","50","79","event.undo","true","true",""
"speechTranscriber","zh-Hans-redo","重做","47","67","event.redo","true","true",""
"speechTranscriber","zh-Hans-substitution","张三换人李四","76","111","event.substitution","true","true",""
"speechTranscriber","zh-Hant-TW-two-made","張三兩分命中","229","342","stat.twoMade","true","true",""
"speechTranscriber","zh-Hant-TW-two-missed","李四兩分沒中","134","184","stat.twoMissed","true","true",""
"speechTranscriber","zh-Hant-TW-three-made","王武三分命中","66","168","stat.threeMade","true","true",""
"speechTranscriber","zh-Hant-TW-three-missed","趙麗三分沒中","57","99","stat.threeMissed","true","true",""
"speechTranscriber","zh-Hant-TW-bonus-made","劉芳將罰命中","51","95","stat.bonusMade","true","true",""
"speechTranscriber","zh-Hant-TW-bonus-missed","陳傑將伐墨中","58","97","","false","true",""
"speechTranscriber","zh-Hant-TW-free-throw-made","沒有發球命中","73","117","","false","true",""
"speechTranscriber","zh-Hant-TW-free-throw-missed","Michael罰球沒中","56","112","stat.freeThrowMissed","true","true",""
"speechTranscriber","zh-Hant-TW-layup-made","Elis聖藍命中。","59","108","","false","true",""
"speechTranscriber","zh-Hant-TW-layup-missed","John上籃沒中。","51","108","stat.layupMissed","true","true",""
"speechTranscriber","zh-Hant-TW-mid-range-made","王 Ama中投命中","58","112","stat.midRangeMade","true","true",""
"speechTranscriber","zh-Hant-TW-mid-range-missed","Navid中投沒中","56","107","stat.midRangeMissed","true","true",""
"speechTranscriber","zh-Hant-TW-paint-made","張三攔下命中","53","98","stat.paintMade","true","true",""
"speechTranscriber","zh-Hant-TW-paint-missed","李四攔下沒中","52","99","stat.paintMissed","true","true",""
"speechTranscriber","zh-Hant-TW-putback-made","王武補來命中","52","95","stat.putbackMade","true","true",""
"speechTranscriber","zh-Hant-TW-putback-missed","趙麗補來沒中","56","96","stat.putbackMissed","true","true",""
"speechTranscriber","zh-Hant-TW-dunk-made","劉芳後來命中","56","101","","false","true",""
"speechTranscriber","zh-Hant-TW-dunk-missed","陳傑後來沒中","58","107","","false","true",""
"speechTranscriber","zh-Hant-TW-foul","沒有犯規","63","94","","false","true",""
"speechTranscriber","zh-Hant-TW-rebound","Michael籃闆","61","103","stat.rebound","true","true",""
"speechTranscriber","zh-Hant-TW-offensive-rebound","Alis前場籃闆","65","108","stat.defensiveRebound","true","true",""
"speechTranscriber","zh-Hant-TW-defensive-rebound","John後場籃闆","56","106","stat.defensiveRebound","true","true",""
"speechTranscriber","zh-Hant-TW-assist","王 Ama助攻","64","107","stat.assist","true","true",""
"speechTranscriber","zh-Hant-TW-block","David蓋帽","55","92","stat.block","true","true",""
"speechTranscriber","zh-Hant-TW-steal","張三超傑","55","93","stat.steal","true","true",""
"speechTranscriber","zh-Hant-TW-turnover","歷 45","57","85","","false","true",""
"speechTranscriber","zh-Hant-TW-assist-two","王五助攻趙麗兩分。","63","117","stat.assistTwoMade","true","true",""
"speechTranscriber","zh-Hant-TW-assist-three","劉芳助攻陳潔三分","56","108","stat.assistThreeMade","true","true",""
"speechTranscriber","zh-Hant-TW-steal-turnover","超級 Michael。","71","109","","false","false",""
"speechTranscriber","zh-Hant-TW-start","開始","53","78","event.period","true","true",""
"speechTranscriber","zh-Hant-TW-pause","暫停","50","73","event.pause","true","true",""
"speechTranscriber","zh-Hant-TW-game-end","結束","54","75","event.game_end","true","true",""
"speechTranscriber","zh-Hant-TW-undo","撤銷","49","72","event.undo","true","true",""
"speechTranscriber","zh-Hant-TW-redo","重做","58","83","event.redo","true","true",""
"speechTranscriber","zh-Hant-TW-substitution","張三換人李四","57","101","event.substitution","true","true",""
"speechTranscriber","en-two-made","James Carter got two.","240","326","stat.twoMade","true","true",""
"speechTranscriber","en-two-missed","Family stone with two.","57","95","stat.twoMade","true","true",""
"speechTranscriber","en-three-made","Michael Brown got three.","50","90","stat.threeMade","true","true",""
"speechTranscriber","en-three-missed","Olivia Davis missed three.","52","87","stat.threeMissed","true","true",""
"speechTranscriber","en-bonus-made","Liam Wilson got one.","52","91","","false","true",""
"speechTranscriber","en-bonus-missed","Sofia Taylor missed it one.","62","106","","false","true",""
"speechTranscriber","en-free-throw-made","No, Anderson got free throw.","50","93","","false","true",""
"speechTranscriber","en-free-throw-missed","Ava Martin missed free throw.","56","102","stat.freeThrowMissed","true","true",""
"speechTranscriber","en-layup-made","Sand, Galileo.","66","92","","false","true",""
"speechTranscriber","en-layup-missed","Miss layup.","52","81","stat.layupMissed","false","true",""
"speechTranscriber","en-mid-range-made","Never got with range.","53","97","","false","true",""
"speechTranscriber","en-mid-range-missed","One, Garcia, mid mid range.","50","108","stat.midRangeMissed","false","true",""
"speechTranscriber","en-paint-made","James Carter got paid.","52","94","","false","true",""
"speechTranscriber","en-paint-missed","Family stone with fade.","56","93","","false","true",""
"speechTranscriber","en-putback-made","Michael Brown.","56","92","","false","true",""
"speechTranscriber","en-putback-missed","Olivia Davis with quote back.","62","107","","false","true",""
"speechTranscriber","en-dunk-made","Liam Wilson got dug.","54","95","","false","true",""
"speechTranscriber","en-dunk-missed","Sofia Taylor, Miss Sugg.","59","113","","false","true",""
"speechTranscriber","en-foul","No Anderson Fowle.","59","108","stat.foul","true","true",""
"speechTranscriber","en-rebound","Ava Martin Remound.","52","93","","false","true",""
"speechTranscriber","en-offensive-rebound","and offensive rebound.","52","110","stat.offensiveRebound","false","true",""
"speechTranscriber","en-defensive-rebound","Defensive rebound.","51","101","","false","true",""
"speechTranscriber","en-assist","Never assist.","61","89","","false","true",""
"speechTranscriber","en-block","One Garcia block.","61","115","stat.block","false","true",""
"speechTranscriber","en-steal","James Carter Steele.","59","100","stat.steal","true","true",""
"speechTranscriber","en-turnover","heavily stove turnover.","60","113","stat.turnover","true","true",""
"speechTranscriber","en-assist-two","Michael Brown assist Olivia Davis too.","50","118","stat.assistTwoMade","true","true",""
"speechTranscriber","en-assist-three","Liam Wilson, this is Sophia Taylor 3.","57","125","stat.threeMade","false","false",""
"speechTranscriber","en-steal-turnover","Noah Anderson's the Lava Martin.","61","115","","false","false",""
"speechTranscriber","en-start","Start.","54","75","event.period","true","true",""
"speechTranscriber","en-pause","Time out.","55","80","","true","true",""
"speechTranscriber","en-game-end","Game over.","54","77","event.game_end","true","true",""
"speechTranscriber","en-undo","I do.","53","75","","true","true",""
"speechTranscriber","en-redo","","","","","false","false","未识别：%@"
"speechTranscriber","en-substitution","James Carter Substitution, Emily Stone.","56","127","event.substitution","true","true",""
"speechTranscriber","ja-two-made","山田太郎通聖校","224","330","","false","true",""
"speechTranscriber","ja-two-missed","佐藤建通外した","149","186","","false","true",""
"speechTranscriber","ja-three-made","鈴木製工。","54","95","","false","true",""
"speechTranscriber","ja-three-missed","田中美咲釣り外した。","50","96","","false","true",""
"speechTranscriber","ja-bonus-made","高橋相棒ナス聖子。","53","95","","false","true",""
"speechTranscriber","ja-bonus-missed","理想はボース外した。","61","98","","false","true",""
"speechTranscriber","ja-free-throw-made","DMMでフリースローテコ。","57","107","stat.freeThrowMissed","true","true",""
"speechTranscriber","ja-free-throw-missed","MICAHAELフリースローを外した。","53","122","stat.freeThrowMissed","true","true",""
"speechTranscriber","ja-layup-made","ACレイアップ成功","51","95","stat.layupMade","true","true",""
"speechTranscriber","ja-layup-missed","JOACNレイアップ外した","52","103","stat.layupMissed","true","true",""
"speechTranscriber","ja-mid-range-made","山田 DMMAミドル聖子。","61","108","stat.midRangeMade","true","true",""
"speechTranscriber","ja-mid-range-missed","レビンドミドル外した","49","85","","false","true",""
"speechTranscriber","ja-paint-made","山田太郎ペイン俊彦。","63","104","","false","true",""
"speechTranscriber","ja-paint-missed","佐藤健定員と外した。","52","96","","false","true",""
"speechTranscriber","ja-putback-made","鈴木家庭パットビックセコー。","49","102","","false","true",""
"speechTranscriber","ja-putback-missed","田中美咲。パットバック外した。","51","104","stat.putbackMissed","true","true",""
"speechTranscriber","ja-dunk-made","高橋屋聖子。","50","87","","false","true",""
"speechTranscriber","ja-dunk-missed","トラブランク外した。","63","102","","false","true",""
"speechTranscriber","ja-foul","DMMでバブル。","59","91","","false","true",""
"speechTranscriber","ja-rebound","MICACAELリマウンド","57","112","","false","true",""
"speechTranscriber","ja-offensive-rebound","AIC40スリマウンド。","56","108","stat.threeMade","true","true",""
"speechTranscriber","ja-defensive-rebound","JOACNディフェンスリマウンド","54","105","","false","true",""
"speechTranscriber","ja-assist","山田 DMMAアシスト。","56","98","stat.assist","true","true",""
"speechTranscriber","ja-block","レビンドブロック。","49","81","","false","true",""
"speechTranscriber","ja-steal","山田太郎スピール。","52","87","","false","true",""
"speechTranscriber","ja-turnover","佐藤健アローバー","51","86","","false","true",""
"speechTranscriber","ja-assist-two","鈴木かけアシスト田中美沙。","61","120","","false","false",""
"speechTranscriber","ja-assist-three","高石屋アリストリスリー","53","104","","false","false",""
"speechTranscriber","ja-steal-turnover","DM 0 Steelm LGAGAEL","53","127","","false","false",""
"speechTranscriber","ja-start","開始","49","69","event.period","true","true",""
"speechTranscriber","ja-pause","タイムラブと。","50","77","","true","true",""
"speechTranscriber","ja-game-end","試合終了。","52","81","event.game_end","true","true",""
"speechTranscriber","ja-undo","元に戻す。","50","77","event.undo","true","true",""
"speechTranscriber","ja-redo","やり直す。","62","90","event.redo","true","true",""
"speechTranscriber","ja-substitution","山田太郎交代佐藤研。","55","106","event.substitution","true","true",""
"speechTranscriber","ko-two-made","김민수 점검.","208","300","","false","true",""
"speechTranscriber","ko-two-missed","이준 어 2시에","51","76","stat.twoMissed","true","true",""
"speechTranscriber","ko-three-made","박지훈 수리 선물.","58","129","","false","true",""
"speechTranscriber","ko-three-missed","최소 연수를 실패.","48","78","","false","true",""
"speechTranscriber","ko-bonus-made","힘만 늘 못.","49","84","","false","true",""
"speechTranscriber","ko-bonus-missed","점수 민 본 모수 실패.","52","85","","false","true",""
"speechTranscriber","ko-free-throw-made","엄마 아유 두.","50","81","","false","true",""
"speechTranscriber","ko-free-throw-missed","마이 씨 에이 지 에이 이 엘 차 수실에.","58","111","","false","true",""
"speechTranscriber","ko-layup-made","이제 레이 없습니다.","51","81","stat.layupMade","true","true",""
"speechTranscriber","ko-layup-missed","에이 오 에이 지 엔 에이 오 에.","48","98","","false","true",""
"speechTranscriber","ko-mid-range-made","이마 마음이 드.","49","81","","false","true",""
"speechTranscriber","ko-mid-range-missed","디 에이 브이 아이 이 이 2시 에.","53","102","","false","true",""
"speechTranscriber","ko-paint-made","김민수 인 수선공.","55","86","","false","true",""
"speechTranscriber","ko-paint-missed","기준 오페인 수심에.","60","89","","false","true",""
"speechTranscriber","ko-putback-made","박지훈 맛 백성명.","51","83","","false","true",""
"speechTranscriber","ko-putback-missed","최서연 과 백심회.","52","79","","false","true",""
"speechTranscriber","ko-dunk-made","김한의 의사 점.","49","76","","false","true",""
"speechTranscriber","ko-dunk-missed","점수 민점 교실에.","60","92","","false","true",""
"speechTranscriber","ko-foul","엄마 아울.","49","74","","false","true",""
"speechTranscriber","ko-rebound","마이 씨 에이 지 에이 엘 리바운드","53","98","","false","true",""
"speechTranscriber","ko-offensive-rebound","이제 공기업 리바운드.","55","85","","false","true",""
"speechTranscriber","ko-defensive-rebound","에이 오 에이 G 엔 수 프리 바운드.","50","96","","false","true",""
"speechTranscriber","ko-assist","김마마 오시스트.","67","135","","false","true",""
"speechTranscriber","ko-block","디 에이 브이 아이 에블로","57","94","","false","true",""
"speechTranscriber","ko-steal","김민우 수질","49","74","","false","true",""
"speechTranscriber","ko-turnover","이준 5000 넘어","48","72","","false","true",""
"speechTranscriber","ko-assist-two","박지훈 너시스트 집에서 연수.","50","87","stat.assist","true","false",""
"speechTranscriber","ko-assist-three","게임만 눌러 실 스트 점수 민수리","63","98","","false","false",""
"speechTranscriber","ko-steal-turnover","마술이 마이 씨 에이 스 비 에이 이 엘.","52","118","","false","false",""
"speechTranscriber","ko-start","시작.","51","67","event.period","true","true",""
"speechTranscriber","ko-pause","타임 마웃.","63","79","","true","true",""
"speechTranscriber","ko-game-end","편의점이요.","48","68","","true","true",""
"speechTranscriber","ko-undo","실행 취소.","58","78","event.undo","true","true",""
"speechTranscriber","ko-redo","3시","65","65","","true","true",""
"speechTranscriber","ko-substitution","김민수 제 전도.","49","80","","false","false",""
"speechTranscriber","de-two-made","","","","","false","false","Too many allocated locales, 5 maximum"
"speechTranscriber","de-two-missed","","","","","false","false","Too many allocated locales, 5 maximum"
"speechTranscriber","de-three-made","","","","","false","false","Too many allocated locales, 5 maximum"
"speechTranscriber","de-three-missed","","","","","false","false","Too many allocated locales, 5 maximum"
"speechTranscriber","de-bonus-made","","","","","false","false","Too many allocated locales, 5 maximum"
"speechTranscriber","de-bonus-missed","","","","","false","false","Too many allocated locales, 5 maximum"
"speechTranscriber","de-free-throw-made","","","","","false","false","Too many allocated locales, 5 maximum"
"speechTranscriber","de-free-throw-missed","","","","","false","false","Too many allocated locales, 5 maximum"
"speechTranscriber","de-layup-made","","","","","false","false","Too many allocated locales, 5 maximum"
"speechTranscriber","de-layup-missed","","","","","false","false","Too many allocated locales, 5 maximum"
"speechTranscriber","de-mid-range-made","","","","","false","false","Too many allocated locales, 5 maximum"
"speechTranscriber","de-mid-range-missed","","","","","false","false","Too many allocated locales, 5 maximum"
"speechTranscriber","de-paint-made","","","","","false","false","Too many allocated locales, 5 maximum"
"speechTranscriber","de-paint-missed","","","","","false","false","Too many allocated locales, 5 maximum"
"speechTranscriber","de-putback-made","","","","","false","false","Too many allocated locales, 5 maximum"
"speechTranscriber","de-putback-missed","","","","","false","false","Too many allocated locales, 5 maximum"
"speechTranscriber","de-dunk-made","","","","","false","false","Too many allocated locales, 5 maximum"
"speechTranscriber","de-dunk-missed","","","","","false","false","Too many allocated locales, 5 maximum"
"speechTranscriber","de-foul","","","","","false","false","Too many allocated locales, 5 maximum"
"speechTranscriber","de-rebound","","","","","false","false","Too many allocated locales, 5 maximum"
"speechTranscriber","de-offensive-rebound","","","","","false","false","Too many allocated locales, 5 maximum"
"speechTranscriber","de-defensive-rebound","","","","","false","false","Too many allocated locales, 5 maximum"
"speechTranscriber","de-assist","","","","","false","false","Too many allocated locales, 5 maximum"
"speechTranscriber","de-block","","","","","false","false","Too many allocated locales, 5 maximum"
"speechTranscriber","de-steal","","","","","false","false","Too many allocated locales, 5 maximum"
"speechTranscriber","de-turnover","","","","","false","false","Too many allocated locales, 5 maximum"
"speechTranscriber","de-assist-two","","","","","false","false","Too many allocated locales, 5 maximum"
"speechTranscriber","de-assist-three","","","","","false","false","Too many allocated locales, 5 maximum"
"speechTranscriber","de-steal-turnover","","","","","false","false","Too many allocated locales, 5 maximum"
"speechTranscriber","de-start","","","","","false","false","Too many allocated locales, 5 maximum"
"speechTranscriber","de-pause","","","","","false","false","Too many allocated locales, 5 maximum"
"speechTranscriber","de-game-end","","","","","false","false","Too many allocated locales, 5 maximum"
"speechTranscriber","de-undo","","","","","false","false","Too many allocated locales, 5 maximum"
"speechTranscriber","de-redo","","","","","false","false","Too many allocated locales, 5 maximum"
"speechTranscriber","de-substitution","","","","","false","false","Too many allocated locales, 5 maximum"
"speechTranscriber","es-two-made","","","","","false","false","Too many allocated locales, 5 maximum"
"speechTranscriber","es-two-missed","","","","","false","false","Too many allocated locales, 5 maximum"
"speechTranscriber","es-three-made","","","","","false","false","Too many allocated locales, 5 maximum"
"speechTranscriber","es-three-missed","","","","","false","false","Too many allocated locales, 5 maximum"
"speechTranscriber","es-bonus-made","","","","","false","false","Too many allocated locales, 5 maximum"
"speechTranscriber","es-bonus-missed","","","","","false","false","Too many allocated locales, 5 maximum"
"speechTranscriber","es-free-throw-made","","","","","false","false","Too many allocated locales, 5 maximum"
"speechTranscriber","es-free-throw-missed","","","","","false","false","Too many allocated locales, 5 maximum"
"speechTranscriber","es-layup-made","","","","","false","false","Too many allocated locales, 5 maximum"
"speechTranscriber","es-layup-missed","","","","","false","false","Too many allocated locales, 5 maximum"
"speechTranscriber","es-mid-range-made","","","","","false","false","Too many allocated locales, 5 maximum"
"speechTranscriber","es-mid-range-missed","","","","","false","false","Too many allocated locales, 5 maximum"
"speechTranscriber","es-paint-made","","","","","false","false","Too many allocated locales, 5 maximum"
"speechTranscriber","es-paint-missed","","","","","false","false","Too many allocated locales, 5 maximum"
"speechTranscriber","es-putback-made","","","","","false","false","Too many allocated locales, 5 maximum"
"speechTranscriber","es-putback-missed","","","","","false","false","Too many allocated locales, 5 maximum"
"speechTranscriber","es-dunk-made","","","","","false","false","Too many allocated locales, 5 maximum"
"speechTranscriber","es-dunk-missed","","","","","false","false","Too many allocated locales, 5 maximum"
"speechTranscriber","es-foul","","","","","false","false","Too many allocated locales, 5 maximum"
"speechTranscriber","es-rebound","","","","","false","false","Too many allocated locales, 5 maximum"
"speechTranscriber","es-offensive-rebound","","","","","false","false","Too many allocated locales, 5 maximum"
"speechTranscriber","es-defensive-rebound","","","","","false","false","Too many allocated locales, 5 maximum"
"speechTranscriber","es-assist","","","","","false","false","Too many allocated locales, 5 maximum"
"speechTranscriber","es-block","","","","","false","false","Too many allocated locales, 5 maximum"
"speechTranscriber","es-steal","","","","","false","false","Too many allocated locales, 5 maximum"
"speechTranscriber","es-turnover","","","","","false","false","Too many allocated locales, 5 maximum"
"speechTranscriber","es-assist-two","","","","","false","false","Too many allocated locales, 5 maximum"
"speechTranscriber","es-assist-three","","","","","false","false","Too many allocated locales, 5 maximum"
"speechTranscriber","es-steal-turnover","","","","","false","false","Too many allocated locales, 5 maximum"
"speechTranscriber","es-start","","","","","false","false","Too many allocated locales, 5 maximum"
"speechTranscriber","es-pause","","","","","false","false","Too many allocated locales, 5 maximum"
"speechTranscriber","es-game-end","","","","","false","false","Too many allocated locales, 5 maximum"
"speechTranscriber","es-undo","","","","","false","false","Too many allocated locales, 5 maximum"
"speechTranscriber","es-redo","","","","","false","false","Too many allocated locales, 5 maximum"
"speechTranscriber","es-substitution","","","","","false","false","Too many allocated locales, 5 maximum"
"speechTranscriber","fr-two-made","","","","","false","false","Too many allocated locales, 5 maximum"
"speechTranscriber","fr-two-missed","","","","","false","false","Too many allocated locales, 5 maximum"
"speechTranscriber","fr-three-made","","","","","false","false","Too many allocated locales, 5 maximum"
"speechTranscriber","fr-three-missed","","","","","false","false","Too many allocated locales, 5 maximum"
"speechTranscriber","fr-bonus-made","","","","","false","false","Too many allocated locales, 5 maximum"
"speechTranscriber","fr-bonus-missed","","","","","false","false","Too many allocated locales, 5 maximum"
"speechTranscriber","fr-free-throw-made","","","","","false","false","Too many allocated locales, 5 maximum"
"speechTranscriber","fr-free-throw-missed","","","","","false","false","Too many allocated locales, 5 maximum"
"speechTranscriber","fr-layup-made","","","","","false","false","Too many allocated locales, 5 maximum"
"speechTranscriber","fr-layup-missed","","","","","false","false","Too many allocated locales, 5 maximum"
"speechTranscriber","fr-mid-range-made","","","","","false","false","Too many allocated locales, 5 maximum"
"speechTranscriber","fr-mid-range-missed","","","","","false","false","Too many allocated locales, 5 maximum"
"speechTranscriber","fr-paint-made","","","","","false","false","Too many allocated locales, 5 maximum"
"speechTranscriber","fr-paint-missed","","","","","false","false","Too many allocated locales, 5 maximum"
"speechTranscriber","fr-putback-made","","","","","false","false","Too many allocated locales, 5 maximum"
"speechTranscriber","fr-putback-missed","","","","","false","false","Too many allocated locales, 5 maximum"
"speechTranscriber","fr-dunk-made","","","","","false","false","Too many allocated locales, 5 maximum"
"speechTranscriber","fr-dunk-missed","","","","","false","false","Too many allocated locales, 5 maximum"
"speechTranscriber","fr-foul","","","","","false","false","Too many allocated locales, 5 maximum"
"speechTranscriber","fr-rebound","","","","","false","false","Too many allocated locales, 5 maximum"
"speechTranscriber","fr-offensive-rebound","","","","","false","false","Too many allocated locales, 5 maximum"
"speechTranscriber","fr-defensive-rebound","","","","","false","false","Too many allocated locales, 5 maximum"
"speechTranscriber","fr-assist","","","","","false","false","Too many allocated locales, 5 maximum"
"speechTranscriber","fr-block","","","","","false","false","Too many allocated locales, 5 maximum"
"speechTranscriber","fr-steal","","","","","false","false","Too many allocated locales, 5 maximum"
"speechTranscriber","fr-turnover","","","","","false","false","Too many allocated locales, 5 maximum"
"speechTranscriber","fr-assist-two","","","","","false","false","Too many allocated locales, 5 maximum"
"speechTranscriber","fr-assist-three","","","","","false","false","Too many allocated locales, 5 maximum"
"speechTranscriber","fr-steal-turnover","","","","","false","false","Too many allocated locales, 5 maximum"
"speechTranscriber","fr-start","","","","","false","false","Too many allocated locales, 5 maximum"
"speechTranscriber","fr-pause","","","","","false","false","Too many allocated locales, 5 maximum"
"speechTranscriber","fr-game-end","","","","","false","false","Too many allocated locales, 5 maximum"
"speechTranscriber","fr-undo","","","","","false","false","Too many allocated locales, 5 maximum"
"speechTranscriber","fr-redo","","","","","false","false","Too many allocated locales, 5 maximum"
"speechTranscriber","fr-substitution","","","","","false","false","Too many allocated locales, 5 maximum"
"speechTranscriber","it-two-made","","","","","false","false","Too many allocated locales, 5 maximum"
"speechTranscriber","it-two-missed","","","","","false","false","Too many allocated locales, 5 maximum"
"speechTranscriber","it-three-made","","","","","false","false","Too many allocated locales, 5 maximum"
"speechTranscriber","it-three-missed","","","","","false","false","Too many allocated locales, 5 maximum"
"speechTranscriber","it-bonus-made","","","","","false","false","Too many allocated locales, 5 maximum"
"speechTranscriber","it-bonus-missed","","","","","false","false","Too many allocated locales, 5 maximum"
"speechTranscriber","it-free-throw-made","","","","","false","false","Too many allocated locales, 5 maximum"
"speechTranscriber","it-free-throw-missed","","","","","false","false","Too many allocated locales, 5 maximum"
"speechTranscriber","it-layup-made","","","","","false","false","Too many allocated locales, 5 maximum"
"speechTranscriber","it-layup-missed","","","","","false","false","Too many allocated locales, 5 maximum"
"speechTranscriber","it-mid-range-made","","","","","false","false","Too many allocated locales, 5 maximum"
"speechTranscriber","it-mid-range-missed","","","","","false","false","Too many allocated locales, 5 maximum"
"speechTranscriber","it-paint-made","","","","","false","false","Too many allocated locales, 5 maximum"
"speechTranscriber","it-paint-missed","","","","","false","false","Too many allocated locales, 5 maximum"
"speechTranscriber","it-putback-made","","","","","false","false","Too many allocated locales, 5 maximum"
"speechTranscriber","it-putback-missed","","","","","false","false","Too many allocated locales, 5 maximum"
"speechTranscriber","it-dunk-made","","","","","false","false","Too many allocated locales, 5 maximum"
"speechTranscriber","it-dunk-missed","","","","","false","false","Too many allocated locales, 5 maximum"
"speechTranscriber","it-foul","","","","","false","false","Too many allocated locales, 5 maximum"
"speechTranscriber","it-rebound","","","","","false","false","Too many allocated locales, 5 maximum"
"speechTranscriber","it-offensive-rebound","","","","","false","false","Too many allocated locales, 5 maximum"
"speechTranscriber","it-defensive-rebound","","","","","false","false","Too many allocated locales, 5 maximum"
"speechTranscriber","it-assist","","","","","false","false","Too many allocated locales, 5 maximum"
"speechTranscriber","it-block","","","","","false","false","Too many allocated locales, 5 maximum"
"speechTranscriber","it-steal","","","","","false","false","Too many allocated locales, 5 maximum"
"speechTranscriber","it-turnover","","","","","false","false","Too many allocated locales, 5 maximum"
"speechTranscriber","it-assist-two","","","","","false","false","Too many allocated locales, 5 maximum"
"speechTranscriber","it-assist-three","","","","","false","false","Too many allocated locales, 5 maximum"
"speechTranscriber","it-steal-turnover","","","","","false","false","Too many allocated locales, 5 maximum"
"speechTranscriber","it-start","","","","","false","false","Too many allocated locales, 5 maximum"
"speechTranscriber","it-pause","","","","","false","false","Too many allocated locales, 5 maximum"
"speechTranscriber","it-game-end","","","","","false","false","Too many allocated locales, 5 maximum"
"speechTranscriber","it-undo","","","","","false","false","Too many allocated locales, 5 maximum"
"speechTranscriber","it-redo","","","","","false","false","Too many allocated locales, 5 maximum"
"speechTranscriber","it-substitution","","","","","false","false","Too many allocated locales, 5 maximum"
